Q,Op1,Op2,Op3,Op4,Op5,Op6,Ans,Explanation"The email publisher lets support agents who use Case Feed compose and send email messages to customers. You can customize this publisher to support email templates and attachments. This component can only be used in organizations that have Case Feed and Email-to-Case enabled. Ext JS versions less than 3 should not be included on pages that use this component.
",A. apex:pageBlock,B. apex:define,C. apex:component,D. apex:emailPublisher,,,D,"An area of a Visualforce page that demarcates which components should be processed by the Force.com server when an AJAX request is generated. Only the components in the body of the <apex:actionRegion> are processed by the server, thereby increasing the performance of the page.
",A. apex:outputLabel,B. apex:actionRegion,C. apex:facet,D. apex:emailPublisher,,,B,"A link that executes an action defined by a controller, and then either refreshes the current page, or navigates to a different page based on the PageReference variable that is returned by the action. An <apex:commandLink> component must always be a child of an <apex:form> component.
To add request parameters to an <apex:commandLink>, use nested <apex:param> components.
",A. apex:dataList,B. apex:enhancedList,C. apex:commandLink,D. apex:include,,,C,"A timer that sends an AJAX update request to the server according to a time interval that you specify. The update request can then result in a full or partial page update. You should avoid using this component with enhanced lists.
",A. apex:dataList,B. apex:actionPoller,C. apex:inlineEditSupport,D. apex:image,,,B,"A single column in a table. An <apex:column> component must always be a child of an <apex:dataTable> or <apex:pageBlockTable> component.
Note that if you specify an sObject field as the value attribute for an <apex:column>, the associated label for that field is used as the column header by default. To override this behavior, use the headerValue attribute on the column, or the column's header facet.
",A. apex:inputField,B. apex:column,C. apex:inputText,D. apex:insert,,,B,"An HTML input element of type hidden, that is, an input element that is invisible to the user. Use this component to pass variables from page to page.
",A. apex:inputHidden,B. apex:actionPoller,C. apex:pageBlockSectionItem,D. apex:enhancedList,,,A,"This tag acts as a placeholder for your dynamic Apex components. It has one required parametercomponent Valuewhich accepts the name of an Apex method that returns a dynamic component.
The following Visualforce components do not have dynamic Apex representations:
<apex:actionRegion>
<apex:attribute>
<apex:component>
<apex:componentBody>
<apex:composition>
<apex:define>
<apex:dynamicComponent>
<apex:flash>
<apex:inputFile>
<apex:include>
<apex:insert>
<apex:pageMessage>
<apex:pageMessages>
<apex:variable>
<apex:vote>
Any non-<apex:> tag, like <chatter:>, <flow:>, <ideas:>, <knowledge:>, <messaging:>, or <site:>
",A. apex:dynamicComponent,B. apex:dataList,C. apex:actionSupport,D. apex:insert,,,A,"A data series to be rendered as connected points in a Visualforce chart. At a minimum you must specify the fields in the data collection to use as X and Y values for each point, as well as the X and Y axes to scale against.
Note: This component must be enclosed within an <apex:chart> component. You can have multiple <apex:barSeries> and <apex:lineSeries> components in a single chart.
",A. apex:pageblockSection,B. apex:inputHidden,C. apex:lineSeries,D. apex:inputSecret,,,C,"A template component that declares a named area that must be defined by an <apex:define> component in another Visualforce page. Use this component with the <apex:composition> and <apex:define> components to share data between multiple pages.
",A. apex:outputText,B. apex:barSeries,C. apex:insert,D. apex:inputFile,,,C,"Defines tooltips which appear on mouse over of data series elements. This component offers more configuration options than the default tooltips displayed by setting the tips attribute of a data series component to true.
Note: This component must be enclosed by a data series component (<apex:barSeries>, <apex:lineSeries>, or <apex:pieSeries>).
",A. apex:actionSupport,B. apex:componentBody,C. apex:actionFunction,D. apex:chartTips,,,D,"A message for a specific component, such as a warning or error. If an <apex:message> or <apex:messages> component is not included in a page, most warning and error messages are only shown in the debug log.
",A. apex:message,B. apex:flash,C. apex:detail,D. apex:listViews,,,A,"A component that provides support for invoking controller action methods directly from JavaScript code using an AJAX request. An <apex:actionFunction> component must be a child of an <apex:form> component.
",A. apex:messages,B. apex:actionFunction,C. apex:insert,D. apex:outputField,,,B,"An HTML input element of type checkbox. Use this component to get user input for a controller method that does not correspond to a field on a Salesforce object.
",A. apex:dataList,B. apex:inputCheckbox,C. apex:actionPoller,D. apex:componentBody,,,B,"The list view picklist for an object, including its associated list of records for the currently selected view. In standard Salesforce applications this component is displayed on the main tab for a particular object.
See also: <apex:enhancedList>.
",A. apex:actionStatus,B. apex:listViews,C. apex:inputText,D. apex:pageBlockButtons,,,B,"A read-only display of a label and value for a field on a Salesforce object. An <apex:outputField> component respects the attributes of the associated field, including how it should be displayed to the user. For example, if the specified <apex:outputField> component is a currency field, the appropriate currency symbol is displayed. Likewise, if the <apex:outputField> component is a lookup field or URL, the value of the field is displayed as a link.
Note that if custom help is defined for the field in Setup, the field must be a child of an <apex:pageBlock> or <apex:pageBlockSectionItem>, and the Salesforce page header must be displayed for the custom help to appear on your Visualforce page. To override the display of custom help, use the <apex:outputField> in the body of an <apex:pageBlockSectionItem>.
The Rich Text Area data type can only be used with this component on pages running Salesforce.com API versions greater than 18.0.
",A. apex:actionRegion,B. apex:actionSupport,C. apex:outputField,D. apex:pageBlock,,,C,"A component that creates an input field to upload a file.
Note: The maximum file size that can be uploaded via Visualforce is 10 MB.
",A. apex:barSeries,B. apex:inputFile,C. apex:composition,D. apex:legend,,,B,"This tag allows a custom component author to define a location where a user can insert content into the custom component. This is especially useful for generating custom iteration components. This component is valid only within an <apex:component> tag, and only a single definition per custom component is allowed.
",A. apex:facet,B. apex:chart,C. apex:include,D. apex:componentBody,,,D,"An HTML input element of type text. Use this component to get user input for a controller method that does not correspond to a field on a Salesforce object.
This component does not use Salesforce styling. Also, since it does not correspond to a field, or any other data on an object, custom code is required to use the value the user inputs.
",A. apex:messages,B. apex:dynamicComponent,C. apex:inputText,D. apex:inputField,,,C,"A custom Visualforce component. All custom component definitions must be wrapped inside a single <apex:component> tag.
",A. apex:includeScript,B. apex:commandLink,C. apex:dataTable,D. apex:component,,,D,"A Visualforce chart. Defines general characteristics of the chart, including size and data binding.
",A. apex:actionSupport,B. apex:inlineEditSupport,C. apex:chart,D. apex:enhancedList,,,C,"A single piece of data in an <apex:pageBlockSection> that takes up one column in one row. An <apex:pageBlockSectionItem> component can include up to two child components. If no content is specified, the column is rendered as an empty space. If one child component is specified, the content spans both cells of the column. If two child components are specified, the content of the first is rendered in the left, ""label"" cell of the column, while the content of the second is rendered in the right, ""data"" cell of the column.
Note that if you include an <apex:outputField> or an <apex:inputField> component in an <apex:pageBlockSectionItem>, these components do not display with their label or custom help text as they do when they are children of an <apex:pageBlockSectionItem>. Also note that <apex:pageBlockSectionItem> components cannot be rerendered; rerender the child components instead.
",A. apex:flash,B. apex:pageBlockSectionItem,C. apex:outputField,D. apex:componentBody,,,B,"The standard detail page for a particular object, as defined by the associated page layout for the object in Setup. This component includes attributes for including or excluding the associated related lists, related list hover links, and title bar that appear in the standard Salesforce application interface.
",A. apex:pageblockSection,B. apex:component,C. apex:insert,D. apex:detail,,,D,"A component that creates an inline frame within a Visualforce page. A frame allows you to keep some information visible while other information is scrolled or replaced.
",A. apex:include,B. apex:iframe,C. apex:chartLabel,D. apex:attribute,,,B,"Defines how labels are displayed. Depending on what component wraps it, <apex:chartLabel> gives you options for affecting labels for bar and line series labels, pie chart segments, and axes labels.
Note: This component must be enclosed by a data series component (<apex:barSeries>, <apex:lineSeries>, or <apex:pieSeries>) or an <apex:axis> component.
",A. apex:chart,B. apex:include,C. apex:chartLabel,D. apex:messages,,,C,"A data series to be rendered as bars in a Visualforce chart. At a minimum you must specify the fields in the data collection to use as X and Y values for each bar, as well as the X and Y axes to scale against.
Note: This component must be enclosed within an <apex:chart> component. You can have multiple <apex:barSeries> and <apex:lineSeries> components in a single chart.
",A. apex:barSeries,B. apex:inputHidden,C. apex:outputLink,D. apex:outputField,,,A,"This component provides inline editing support to <apex:outputField> and various container components. In order to support inline editing, this component must also be within an <apex:form> tag.
The <apex:inlineEditSupport> component can only be a descendant of the following tags:
<apex:dataList>
<apex:dataTable>
<apex:form>
<apex:outputField>
<apex:pageBlock>
<apex:pageBlockSection>
<apex:pageBlockTable>
<apex:repeat>
See also: the inlineEdit attribute of <apex:detail>
",A. apex:inlineEditSupport,B. apex:chartLabel,C. apex:page,D. apex:outputPanel,,,A,"A link to a JavaScript library that can be used in the Visualforce page. When specified, this component injects a script reference into the head element of the generated HTML page.
For performance reasons, you may simply want to use a JavaScript tag before your closing <apex:page> tag, rather than this component.
",A. apex:includeScript,B. apex:outputField,C. apex:attribute,D. apex:component,,,A,"A section of data within an <apex:pageBlock> component, similar to a section in a standard Salesforce page layout definition.
An <apex:pageBlockSection> component consists of one or more columns, each of which spans two cells: one for a field's label, and one for its value. Each component found in the body of an <apex:pageBlockSection> is placed into the next cell in a row until the number of columns is reached. At that point, the next component wraps to the next row and is placed in the first cell.
To add a field from a Salesforce object to an <apex:pageBlockSection>, use an <apex:inputField> or <apex:outputField> component. Each of these components automatically displays with the field's associated label. To add fields for variables or methods that are not based on Salesforce object fields, or to customize the format of Salesforce object field labels, use an <apex:pageBlockSectionItem> component. Each <apex:inputField>, <apex:outputField>, or
<apex:pageBlockSectionItem> component spans both cells of a single column.
",A. apex:outputLabel,B. apex:actionPoller,C. apex:pageblockSection,D. apex:facet,,,C,"A set of buttons that are styled like standard Salesforce buttons. This component must be a child component of an <apex:pageBlock>.
Note that it is not necessary for the buttons themselves to be direct children of the <apex:pageBlockButtons> componentbuttons that are located at any level within an <apex:pageBlockButtons> component are styled appropriately.
",A. apex:includeScript,B. apex:commandButton,C. apex:pageBlockButtons,D. apex:form,,,C,"A text area input element. Use this component to get user input for a controller method that does not correspond to a field on a Salesforce object, for a value that requires a text area.
",A. apex:inputTextarea,B. apex:facet,C. apex:include,D. apex:attribute,,,A,"A section of a Visualforce page that allows users to enter input and then submit it with an <apex:commandButton> or <apex:commandLink>. The body of the form determines the data that is displayed and the way it is processed. It's a best practice to verify that pages and custom components use at most one <apex:form> tag.
As of API version 18.0, this tag can't be a child component of <apex:repeat>.
",A. apex:form,B. apex:chart,C. apex:actionRegion,D. apex:insert,,,A,"A single Visualforce page. All pages must be wrapped inside a single page component tag.
",A. apex:insert,B. apex:page,C. apex:axis,D. apex:outputLabel,,,B,"An HTML input element of type password. Use this component to get user input for a controller method that does not correspond to a field on a Salesforce object, for a value that is masked as the user types.
",A. apex:composition,B. apex:barSeries,C. apex:inputSecret,D. apex:attribute,,,C,"An area of a page that uses styling similar to the appearance of a Salesforce detail page, but without any default content.
",A. apex:pageBlock,B. apex:commandLink,C. apex:include,D. apex:chartTips,,,A,"A button that is rendered as an HTML input element with the type attribute set to submit, reset, or image, depending on the <apex:commandButton> tag's specified values. The button executes an action defined by a controller, and then either refreshes the current page, or navigates to a different page based on the
PageReference variable that is returned by the action.
An <apex:commandButton> component must always be a child of an <apex:form> component.
See also: <apex:commandLink>
",A. apex:commandButton,B. apex:flash,C. apex:emailPublisher,D. apex:actionRegion,,,A,"A Flash movie, rendered with the HTML object and embed tags.
",A. apex:actionStatus,B. apex:flash,C. apex:inputField,D. apex:pageBlockSectionItem,,,B,"An ordered or unordered list of values that is defined by iterating over a set of data. The body of the <apex:dataList> component specifies how a single item should appear in the list. The data set can include up to 1,000 items.
",A. apex:inputText,B. apex:dataList,C. apex:lineSeries,D. apex:inputCheckbox,,,B,"All messages that were generated for all components on the current page. If an <apex:message> or <apex:messages> component is not included in a page, most warning and error messages are only shown in the debug log.
",A. apex:messages,B. apex:actionPoller,C. apex:composition,D. apex:actionRegion,,,A,"A template component that provides content for an <apex:insert> component defined in a Visualforce template page.
See also: <apex:composition>, <apex:insert>
",A. apex:facet,B. apex:includeScript,C. apex:axis,D. apex:define,,,D,"The Log a Call publisher lets support agents who use Case Feed create logs for customer calls. This component can only be used in organizations that have Case
Feed, Chatter, and feed tracking on cases enabled.
",A. apex:inputHidden,B. apex:iframe,C. apex:chartLabel,D. apex:logCallPublisher,,,D,"A component that displays the status of an AJAX update request. An AJAX request can either be in progress or complete.
",A. apex:actionPoller,B. apex:dynamicComponent,C. apex:inputCheckbox,D. apex:actionStatus,,,D,"A label for an input or output field. Use this component to provide a label for a controller method that does not correspond to a field on a Salesforce object.
",A. apex:inlineEditSupport,B. apex:insert,C. apex:outputLabel,D. apex:column,,,C,"A definition of an attribute on a custom component. The attribute tag can only be a child of a component tag.
Note that you cannot define attributes with names like id or rendered. These attributes are automatically created for all custom component definitions.
",A. apex:attribute,B. apex:insert,C. apex:message,D. apex:include,,,A,"An HTML input element for a value that corresponds to a field on a Salesforce object. The <apex:inputField> component respects the attributes of the associated field, including whether the field is required or unique, and the user interface widget to display to get input from the user. For example, if the specified
<apex:inputField> component is a date field, a calendar input widget is displayed. When used in an <apex:pageBlockSection>, <apex:inputField> tags always display with their corresponding output label.
Note that if custom help is defined for the field in Setup, the field must be a child of an <apex:pageBlock> or <apex:pageBlockSectionItem>, and the Salesforce page header must be displayed for the custom help to appear on your Visualforce page. To override the display of custom help, use the <apex:inputField> in the body of an <apex:pageBlockSectionItem>.
Consider the following when using JavaScript events with this tag:
For lookup fields, mouse events fire on both the text box and graphic icon
For multi-select picklists, all events fire, but the DOM ID is suffixed with _unselected for the left box, _selected for the right box, and _right_arrow and _left_arrow for the graphic icons
For rich text areas, no events fire.
",A. apex:pageBlockButtons,B. apex:define,C. apex:outputLabel,D. apex:inputField,,,D,"A link to a URL. This component is rendered in HTML as an anchor tag with an href attribute. Like its HTML equivalent, the body of an <apex:outputLink> is the text or image that displays as the link. To add query string parameters to a link, use nested <apex:param> components.
",A. apex:inputField,B. apex:outputLink,C. apex:lineSeries,D. apex:emailPublisher,,,B,"Displays text on a Visualforce page. You can customize the appearance of <apex:outputText> using CSS styles, in which case the generated text is wrapped in an HTML <span> tag. You can also escape the rendered text if it contains sensitive HTML and XML characters. This component does take localization into account.
Use with nested param tags to format the text values, where {n} corresponds to the n-th nested param tag. The value attribute supports the same syntax as the
MessageFormat class in Java. See the MessageFormat class JavaDocs for more information.
Warning:Encrypted custom fields that are embedded in the <apex:outputText> component display in clear text. The <apex:outputText> component doesn't respect the View Encrypted Data permission for users. To prevent showing sensitive information to unauthorized users, use the <apex:outputField> tag instead.
",A. apex:message,B. apex:actionSupport,C. apex:column,D. apex:outputText,,,D,"A component that adds AJAX support to another component, allowing the component to be refreshed asynchronously by the server when a particular event occurs, such as a button click or mouseover.
See also: <apex:actionFunction>.
",A. apex:form,B. apex:attribute,C. apex:page,D. apex:actionSupport,,,D,"A graphic image, rendered with the HTML <img> tag.
",A. apex:image,B. apex:composition,C. apex:actionStatus,D. apex:componentBody,,,A,"A component that inserts a second Visualforce page into the current page. The entire page subtree is injected into the Visualforce DOM at the point of reference and the scope of the included page is maintained.
If content should be stripped from the included page, use the <apex:composition> component instead.
",A. apex:iframe,B. apex:include,C. apex:inputFile,D. apex:inputField,,,B,"Defines an axis for a chart. Use this to set the units, scale, labeling, and other visual options for the axis. You can define up to four axes for a single chart, one for each edge.
Note: This component must be enclosed within an <apex:chart> component. This component is only applicable to bar and line charts.
",A. apex:emailPublisher,B. apex:messages,C. apex:image,D. apex:axis,,,D,"An area of a page that includes content from a second template page. Template pages are Visualforce pages that include one or more <apex:insert> components.
The <apex:composition> component names the associated template, and provides body for the template's <apex:insert> components with matching
<apex:define> components. Any content outside of an <apex:composition> component is not rendered.
",A. apex:inputSecret,B. apex:composition,C. apex:pageblockSection,D. apex:lineSeries,,,B,"A placeholder for content that is rendered in a specific part of the parent component, such as the header or footer of an <apex:dataTable>.
An <apex:facet> component can only exist in the body of a parent component if the parent supports facets. The name of the facet component must match one of the pre-defined facet names on the parent component. This name determines where the content of the facet component is rendered. Consequently, the order in which a facet component is defined within the body of a parent component does not affect the appearence of the parent component.
See <apex:dataTable> for an example of facets.
Note: Although you can't represent an <apex:facet> directly in Apex, you can specify it on a dynamic component that has the facet. For example:
",A. apex:logCallPublisher,B. apex:dataList,C. apex:inputField,D. apex:facet,,,D,"A set of content that is grouped together, rendered with an HTML <span> tag, <div> tag, or neither. Use an <apex:outputPanel> to group components together for
AJAX refreshes.
",A. apex:outputPanel,B. apex:includeScript,C. apex:chartTips,D. apex:lineSeries,,,A,"The list view picklist for an object, including its associated list of records for the currently selected view. In standard Salesforce applications this component is displayed on the main tab for a particular object. This component has additional attributes that can be specified, such as the height and rows per page, as compared to <apex:listView>.
Note: When an <apex:enhancedList> is rerendered through another component's rerender attribute, the <apex:enhancedList> must be inside of an
<apex:outputPanel> component that has its layout attribute set to ""block"". The <apex:enhancedList> component is not allowed on pages that have the attribute showHeader set to false. You can only have five <apex:enhancedList> components on a single page. Ext JS versions less than 3 should not be included on pages that use this component.
",A. apex:attribute,B. apex:enhancedList,C. apex:actionFunction,D. apex:inputCheckbox,,,B,"Defines a chart legend. This component offers additional configuration options beyond the defaults used by the legend attribute of the <apex:chart> component.
Note: This component must be enclosed within an <apex:chart> component.
",A. apex:dataTable,B. apex:legend,C. apex:pageBlockSectionItem,D. apex:inputSecret,,,B,"An HTML table that is defined by iterating over a set of data, displaying information about one item of data per row. The body of the <apex:dataTable> contains one or more column components that specify what information should be displayed for each item of data. The data set can include up to 1,000 items.
",A. apex:listViews,B. apex:dataTable,C. apex:define,D. apex:inputHidden,,,B,"What three classes along with the Messaging.InboundEmailHandler are used to handle inbound email messages in Salesforce?
","A. Apex code, Visualforce pages, and controllers","B. Messaging.InboundEmail, Messaging.InboundEmailResult, Messaging.InboundEnvelope",C. Messaging.InboundEmailHandler,D. Make calls to methods using both valid and invalid inputs.,,,B,"How can the default profile under which Webservices execute be changed?
",A. with sharing keyword,B. Webservice,C. SOQL statements,D. constructor,,,A,"What are some RESTful service callout HTTP verbs?
","A. GET, POST, PUT, DELETE","B. System, debug",C. List of List Objects,D. Setup menu,,,A,"What is the maximum size of a SOAP request or response regulated by?
",A. @ReadOnly,B. RETURNING,C. Trigger.old,D. a governor limit,,,D,"What trigger method is used to correlate IDI-to-sObject maps?
","A. Trigger.newMap, Trigger.oldMap",B. Internal and external,C. Trigger.new,"D. Queues, time triggers",,,A,"Which form of dml operation allows execution to occur with subsequent records even if an error occurs with a single record?
",A. Database class method,B. Public class MyNewClass,"C. Standalone, database class methods",D. Apex classes,,,A,"Which type of for loops are defined with the following syntax?
FOR(initstmt; exit_condition; increment stmt){
codeblock
}
? Traditional for loops
? List iteration for loops
? Set iteration for loops
? SOQLforloops
",A. Static and final,B. A governor limit,C. Traditional for loops,D. SOQL for loops,,,C,"What language is Apex similar to?
",A. Catch,B. 1,C. TRUE,D. Java,,,D,"What does Apex provide to support programmatic control of the workflow?
","A. Map, List, Set",B. Apex classes,C. Through class itself,D. Apex process classes,,,D,"What are all the datatypes that Salesforce supports?
","A. Primitive, sObject, Collections, Null",B. SOAP Web Service Callouts,C. List of List Objects,"D. GET, POST, PUT, DELETE",,,A,"How should one prevent soql injection when using dynamic soql?
","A. XMLStreanWriter, XMLStreamReader",B. Messaging.InboundEmailHandler,C. with sharing keyword,D. Utilize the String.escapeSingleQuotes(string) method,,,D,"How does the Email service process inbound emails?
",A. Apex classes,B. Exceptions,C. FALSE,D. catch,,,A,"What two ways are available to customize and create applications in salesforce?
","A. declaratively, programmatically",B. Encapsulation principles,C. static and final,D. plural name plus__r,,,A,"What annotation can be used with Web Services to allow unrestricted queries when no DML operations are necessary?
",A. @ReadOnly,B. For loops,C. RETURNING,D. TRUE,,,A,"What email addresses can emails be sent to out of Salesforce?
",A. Schema Explorer,B. Plural name plus__r,C. Static and final,D. Internal and external,,,D,"What is a class?
","A. Apex, Visualforce, and APIs",B. Database class method,C. A template from which objects are created,"D. Ajax toolkit, client program",,,C,"Which of the following statements are true about components of dynamic Apex?
? Schema describe is a way to program matically learn about the metadata of your data model within Apex.
? Dynamic SOQL refers to the creation of a SOQL string before runtime within an Apex script,
? In dynamic SQQL, you use Sring.escapeSinqIeQuoLes (sLrng)to prevent SQQL injection.
? You can use dynamic SOSL to create a tree structure of all the objects and fields in your schema browser.
","A. In, like, and, or, not, group by, order by, all rows, limit",B. Schema describe is a way to program magically learn about the metadata of your data model within Apex.,"C. Web service methods must be static, webservice methods cannot be overloaded",D. Create complex functionality declarative features cannot provide.,,,B,"What can the Force.com IDE be used to create?
","A. Apex code, Visualforce pages, and controllers","B. Standalone, database class methods",C. Record level access,"D. Apex, Visualforce, and APIs",,,A,"What are the types of exception classes developers can choose between in Apex?
","A. System-defined, user-defined",B. Schema Explorer,C. Webservice,D. static and final,,,A,"Which trigger context variable cannot be deleted?
",A. RETURNING,B. on-demand,C. Exceptions,D. Trigger.new,,,D,"What is the this keyword used to represent?
",A. A template from which objects are created,"B. FALSE, they must be static",C. Methods and attributes of the current instance of a class,D. Encapsulation principles,,,C,"What code is the webservice keyword not allowed to be used?
",A. Implicit invocation,B. code contained in a trigger,"C. Class, trigger","D. Queues, time triggers",,,B,"What is the total number of messages that all email services put together can process in a day? (Answer)
",A. Failure response settings,B. Number of user licenses multiplied by 1000,C. Through class itself,D. List of List Objects,,,B,"Which keywords should u specify to define a constant?
? static and exception
? static and final
? static and private
? exception and final
",A. Setup menu,B. Multi-tenant,C. static and final,D. SOQL statements,,,C,"Which syntax should you use to create a new public class named MyNewClass?
? Public class MyNewClass {}
? Class public MyNewClass {}
? Class MyNewClass {} public
? MyNewClass public {} class
",A. Public class MyNewClass,B. Database class method,C. SOQL statements,D. Static and final,,,A,"What are the stages of an application development process?
","A. Declaratively, programmatically","B. Primitive, sObject, Collections, Null","C. Develop, integrate, stage, production/training","D. Manual sharing, apex sharing",,,C,"What types of sharing are available to developers to share records?
","A. Messaging, sendEmail","B. Manual sharing, apex sharing","C. Batch apex, apex scheduler",D. With sharing keyword,,,B,"What does Apex use to record disruptions in code execution?
",A. Exceptions,B. Ids,C. Primitive,D. addError,,,A,"Identify the differences between Apex and the other programming languages. (Select all that apply.)
? Apex runs in a multitenant environment.
? Apex performs uncontrolled program invocations.
? Apex is case-insensitive.
? Apex can be processed on any platform.
",A. Encapsulation principles,"B. Salesforce ui, force.com ide, runTests web service",C. Apex runs in a multitenant environment.,D. A template from which objects are created,,,C,"Which of the following are collection data types?
? String
? Map
? List
? Date
? Set
? Number
",A. For loops,B. FALSE,C. Primitive,"D. Map, List, Set",,,D,"Which of the following are collection data types Identify the classes that u can use to make HTTP or RESTful callouts.
? HTTP class
? HTTPRequesL class
? HTTPServerRequest. class
? HTTPRsponse class
? HTTPServerResponse class
","A. HTTP class, HTTPRequesL class, HTTPRsponse class",B. Apex classes,"C. Logs, anonymous blocks","D. Apex code, Visualforce pages, and controllers",,,A,"What statements are used to retrieve records from an sObject in the Force.com database?
",A. SOQL statements,B. sObject,C. SOQL for loops,D. multi-tenant,,,A,"What are all the datatypes that Salesforce supports?
",A. How many loopback connections to Salesforce are allowed by callouts?,B. What two ways can classes be created in salesforce?,C. What are some RESTful service callout HTTP verbs?,,,,A,"Which statement is true about an Apex class?
? A class cannot be disabled for profiles.
? An inner class can be nested at multiple levels.
? Static methods can only be declared in a top-level class definition.
? The default access modifier for methods in a class is public.
",A. Static methods can only be declared in a top-level class definition.,B. Utilize the String.escapeSingleQuotes(string) method,"C. HTTP class, HTTPRequesL class, HTTPRsponse class",D. Database class method,,,A,"What are the five types of Apex procedural loops?
","A. Do-while loop, traditional for loop, list or set iteration loops, and soql for loops","B. Develop, integrate, stage, production/training",C. Create complex functionality declarative features cannot provide.,"D. In, like, and, or, not, group by, order by, all rows, limit",,,A,"Which of the following statements are used to repeatedly execute a block of code until the exit condition is met?
? do-while loops
? if statements
? for loops
ifLhen statements

",A. For loops,B. FALSE,C. Exceptions,D. SOQL for loops,,,A,"Which of the following statements identifies the block of code that can handle a particular exception?
? catch
? finally
? try
? throw
",A. 3 MB,B. Ids,C. FALSE,D. catch,,,D,"The method used to create an object out of a class definition is called a:
",A. constructor,B. For loops,C. Webservice,D. TRUE,,,A,"How do you call Web Services from external sources?
",A. SOAP Web Service Callouts,B. Webservice,C. SOQL for loops,D. SOQL statements,,,A,"What does each email service have for which users can send messages?
",A. Code contained in a trigger,B. Salesforce-generated email address,C. Schema Explorer,D. Apex process classes,,,B,"What two ways can classes be created in salesforce?
","A. isSuccess, sendEmailError","B. Apex, Visualforce, and APIs","C. Through UI, Force.com IDE project","D. Bounced, discarded, queued",,,C,"What determines how the email service responds when an attempt to access the email service fails?
",A. Failure response settings,B. RETURNING,"C. Queues, time triggers",D. Apex classes,,,A,"What are access modifiers used to implement?
",A. Traditional for loops,B. Encapsulation principles,"C. Class, trigger",D. Static and final,,,B,"What is the maximum size of a SOAP request or response?
",A. 3 MB,B. Ids,C. 10,D. Java,,,A,"What are the two types of logs?
","A. System, debug",B. TRUE,C. On-demand,D. 3 MB,,,A,"Which of the following code will u use to instantiate a map called numbers that has integers as keys and strings as values?
? Map<SLrng, :nLeger> numbers = new Map<String, Integer>;
? Map<ThLeyer, SLring> numbers = new Map<Integer, String>;
? Map<nLeger> numbers = new Map<String>;
? Map<Slring> numbers = new Map<Integer>;
","A. Map<Integer, String> numbers = new Map<Integer, String>;",B. Code contained in a trigger,C. Failure response settings,"D. Manual sharing, apex sharing",,,A,"Which trigger context variable allows you to modify field values before they are written to the database in the before trigger?
",A. Trigger.new,B. Trigger.old,C. @ReadOnly,D. TRUE,,,A,"What are the four ways to deploy Apex code?
","A. Force.com IDE for developers, force.com migration tool, changesets, third-party tools",B. A template from which objects are created,"C. Through UI, Force.com IDE project","D. Developer edition production org, Enterprise edition sandbox org",,,A,"What datatype is used for standard or custom objects that store record data?
",A. System,B. sObject,C. Global,,,,B,"Which statement is true about an Apex class?
? A class cannot be disabled for profiles.
? An inner class can be nested at multiple levels.
? Static methods can only be declared in a top-level class definition.
? The default access modifier for methods in a class is public.
",A. Salesforce-generated email address,"B. Manual sharing, apex sharing",C. Static methods can only be declared in a top-level class definition.,D. Make calls to methods using both valid and invalid inputs.,,,C,"Under what profile do Webservice methods execute by default?
",A. No,B. FALSE,C. TRUE,D. System,,,D,"What are the three ways to run unit tests?
","A. Salesforce ui, force.com ide, runTests web service","B. Dates, Ids, Numbers","C. FALSE, they must be static","D. System-defined, user-defined",,,A,"What is the default return type of a sosl statement?
",A. Apex process classes,B. Apex classes,C. List of List Objects,D. SOQL for loops,,,C,"Which trigger context variable allows you to modify field values before they are written to the database in the before trigger?
",A. @ReadOnly,B. RETURNING,C. Webservice,D. Trigger.new,,,D,"How are static methods and attributes access?
","A. Map, List, Set","B. Class, trigger",C. Apex classes,D. Through class itself,,,D,"Which keywords do developers use to handle exceptions in Apex?
",A. Through class itself,"B. Throw, try, catch, finally",C. Static and final,"D. GET, POST, PUT, DELETE",,,D,"Which invocation method occurs when triggers are called by the Force.com platform during the save process?
? Explicit invocation
? Implicit invocation
? Explicit invocation using anonymous blocks
? External API invocation
",A. RETURNING,B. Implicit invocation,C. Primitive,D. SOQL for loops,,,B,"What two methods of customization are available to create applications in salesforce?
",A. Implicit invocation,B. SOQL for loops,C. Record level access,"D. declarative, programmatic",,,A,"How should one prevent soql injection when using dynamic soql?
",A. Database class method,B. code contained in a trigger,C. Utilize the String.escapeSingleQuotes(string) method,D. with sharing keyword,,,C,"What components of apex are available to improve the processing of data in Salesforce?
",A. Database class method,"B. GET, POST, PUT, DELETE","C. Batch apex, apex scheduler.",D. Internal and external,,,A,"Which trigger context variable cannot be deleted?
",A. addError,B. System,C. @ReadOnly,D. Trigger.new,,,D,"What are two key tools to debug code in Salesforce?
","A. Dates, Ids, Numbers","B. Logs, anonymous blocks","C. Debug logs, email logs",D. List of List Objects,,,B,"Which trigger context variable is not saved in the after trigger and causes an exception to be thrown?
",A. Trigger.new,B. addError,C. Primitive,D. TRUE,,,A,"What statements are used to retrieve records from an sObject in the Force.com database?
",A. Exceptions,B. On-demand,"C. Map, List, Set",D. SOQL statements,,,D,"What is the size of the batches in which triggers execute?
",A. No,B. 200,C. FALSE,D. Java,,,B,"What interface does the Apex email handler implement to setup and inbound email service?
",A. Messaging.sendEmail,B. Messaging.InboundEmailHandler,C. Encapsulation principles,"D. isSuccess, sendEmailError",,,B,"Can apex code be created directly in the production environment?
",A. Ids,B. 1,C. 10,D. No,,,D,"What are two ways to invoke a custom web service?
",A. Apex process classes,B. A governor limit,C. List of List Objects,"D. Ajax toolkit, client program",,,D,"What components must be deployed manually to the production environment?
","A. Queues, time triggers",B. Multi-tenant,C. Constructor,"D. Dates, Ids, Numbers",,,A,"In what code is the webservice keyword not allowed to be used?
","A. Class, trigger",B. Implicit invocation,C. Code contained in a trigger,"D. Queues, time triggers",,,C,"What types of sharing are available to developers to share records?
",A. Failure response settings,"B. Manual sharing, apex sharing","C. Dates, Ids, Numbers","D. Apex, Visualforce, and APIs",,,B,"List the HTTP classes available in Salesforce?
","A. GET, POST, PUT, DELETE",B. Failure response settings,"C. Queues, time triggers","D. HTTPRequest, HTTPResponse, HTTP",,,D,"Which environments can developers write code? (Select all that apply.)
? Developer edition production org
? Enterprise edition production org
? Enterprise edition sandbox org
? Professional edition sandbox org
",A. Salesforce-generated email address,"B. Apex code, Visualforce pages, and controllers","C. Developer edition production org, Enterprise edition sandbox org",D. Encapsulation principles,,,C,"What is the list of steps to match regular expressions using the Pattern and Matcher classes?
",A. A template from which objects are created,B. 1. Instantiate a pattern object from the expression you wish to match. 2. Instantiate a matcher object from the pattern that contains the string you want to check. 3. Use the matcher object to detect if the matcher matches the pattern.,"C. HTTPRequest, HTTPResponse, HTTP","D. Primitive, sObject, Collections, Null",,,B,"What is the this keyword used to represent?
","A. Salesforce ui, force.com ide, runTests web service",B. Methods and attributes of the current instance of a class,C. A template from which objects are created,"D. HTTPRequest, HTTPResponse, HTTP",,,B,"Which of the following guidelines are used for creating custom Web Services? (Select all that apply.)
? webservice methods must be static.
? webservice methods cannot be overloaded.
? A system-defined enum can be used anywhere in a webservice method.
? All classes that contain methods defined with the webService keyword must be declared as private.
","A. FALSE, they must be static","B. Developer edition production org, Enterprise edition sandbox org",C. Static methods can only be declared in a top-level class definition.,"D. webservice methods must be static, webservice methods cannot be overloaded",,,ABCD,"What does Apex use to record disruptions in code execution?
",A. @ReadOnly,B. Catch,C. Webservice,D. Exceptions,,,D,"What keyword is used to create custom Web Services from an apex method?
",A. FALSE,B. TRUE,C. Trigger.new,D. Webservice,,,C,"What two forms of dml operations can be used in apex?
",A. SOQL statements,B. Traditional for loops,"C. Standalone, database class methods",D. Failure response settings,,,C,"Each setSavepoint() and rollback statement counts against the total number of DML statements.
",A. 6,B. 200,C. Ids,D. TRUE,,,D,"What term indicates that Salesforce is a platform which allows clients to share hardware, storage and other infrastructure?
",A. System,B. On-demand,C. TRUE,D. Multi-tenant,,,D,"What two methods of customization are available to create applications in salesforce?
","A. Declarative, programmatic","B. Dates, Ids, Numbers",C. Database class method,D. A governor limit,,,A,"Which fields are returned by sosl by default?
",A. Ids,B. 200,C. 6,D. 1,,,A,"What name identifies datatypes such as Integer, Boolean, String and Enum in Salesforce?
",A. Primitive,B. @ReadOnly,C. Trigger.new,D. FALSE,,,A,"What trigger method is used to help prevent completion of a DML event?
",A. addError,B. Ids,C. No,D. TRUE,,,A,"How are programmatic cusomizations done in Salesforce?
","A. Apex, Visualforce, and APIs",B. Apex classes,C. Apex process classes,"D. Dates, Ids, Numbers",,,A,"Which access modifier should u specify for a class containing the webService keword?
? Public
? Private
? Protected
? Global
",A. FALSE,B. 3 MB,C. Global,D. 6,,,C,"How are Apex triggers stored?
",A. As static resources.,"B. As metadata in the application, under the object with which they are associated.",C. As .trigger files in the /code directory of your organization's public files.,D. As compiled bytecode in the Salesforce platform Apex app server.,E. As resource files in the Developer Console.,F. None of these,B,"If the error message contains HTML markup, the escaped markup displays as text and isn't rendered in the user interface. (Select all that apply)
",A. Strongly Typed.,B. Object Oriented.,C. Uses Java-like syntax.,D. Acts like database stored procedures.,,,ABCD,"Apex code can be initiated in what ways? (Select all that apply)
",A. Web service requests.,B. Triggers on objects.,"C. More?? Is ""Button Clicks"" a valid choice?",,,,ABC,"Apex is available in which Salesforce Editions? (Select all that apply)
",A. Professional Edition,B. Unlimited Edition,C. Enterprise Edition,D. Developer Edition,E. Database.com,F. None of these,BDF,"The system method, ___________, lets you write test methods that change user contexts to either an existing user or a new user.
",A. System.testAs(),B. System.testAsUser,C. System.runAsUser(),D. System.impersonateUser(),E. System.runAs(),F. None of these,E,"The system method, System.runAs(), lets you write test methods that change user contexts to either an existing user or a new user.
",A. True,B. False,,,,,A,"The System.runAs() functionality can be used to test and verify proper data sharing and data access. However, System.runAs() does NOT validate CRUD or Field
Level Security permissions.
",A. True,B. False,,,,,B,"A developer can use optional catch statements for any exception type in a try-catch block. However, the general exception type, 'Exception', must only be used by the last catch() block.
EXAMPLE:
try{
// Some risky code.
}
catch(SomeExceptionType e){
// Handle one exception type.
}
catch(SomeOtherExceptionType e){
// Handle another exception type.
}
catch(Exception e){
// This must be the last catch block.
}
~|~
(Select all that apply)
",A. Make calls to methods using both valid and invalid inputs.,"B. In the case of conditional logic (including ternary operators), execute each branch of code logic.",C. Only test code using the System Administrator profile.,D. Focus solely on test coverage percentage score.,"E. Complete successfully without throwing any exceptions, unless those errors are expected and caught in a try...catch block.",F. None of these,ABE,"Good Apex tests should....
",A. Exercise bulk trigger functionality�use at least 20 records in your tests.,B. Only test code using the Standard User profile.,C. Access live organization data to validate SOQL queries and DML operations.,D. Use the isTest annotation. Classes defined with the isTest annotation do not count against your organization limit of 3 MB for all Apex code. See IsTest Annotation.,E. Use the runAs method to test your application in different user contexts.,F. None of these,ADE,"Although Trigger.new is a collection of records, when used as a bind variable in a SOQL query, Apex automatically....
","A. Passes the collection to the query, as long as the calling class implements the Trigger.QueryBind class.",B. Transforms the list of records into a list of corresponding Ids.,C. Truncates the collection so that only the Id and Name fields.,D. Throws a DMLException with the ILLEGAL_QUERY status.,E. Transforms the SOQL to an in-place SOSL query and returns the FIND results.,F. None of these,B,"A Visualforce controller is a set of instructions that specify what happens when a user interacts with the components specified in associated Visualforce markup, such as when a user clicks a button or link. Controllers also provide access to the data that should be displayed in a page, and can modify component behavior.
",A. True,B. False,,,,,B,"____________ is a placeholder for content that is rendered in a specific part of the parent component, such as the header or footer of an <apex:dataTable>.
",A. <apex:labelSet>,B. <apex:customName>,C. <c:facet>,D. <apex:facet>,E. <c:labelSet>,F. None of these,D,"By referring to a page in this way, the platform recognizes that this controller or controller extension is dependent on the existence of the specified page and will prevent the page from being deleted while the controller or extension exists.
",A. True,B. False,,,,,B,"A Visualforce page consists of which primary elements? (Select all that apply)
",A. An Apex class,B. A Visualforce controller,C. A trigger.,D. S-Controls,E. Visualforce Markup,F. None of the above,AE,"Developers can use Visualforce to create a Visualforce page definition. A page definition consists of two primary elements:
? Visualforce markup
? A Visualforce controller
Visualforce markup consists of... (Select all that apply)
",A. Any Web-enabled code,B. Visualforce Tags,C. Apex code,D. HTML,E. JavaScript,F. C# Remoting Modules,ABDE,"The markup defines the user interface components that should be included on the page, and the way they should appear.
",A. True,B. False,,,,,A,"What provides access to data that should be displayed in a Visualforce page, and can modify Visualforce component behavior?
",A. Validation rules,B. Apex controller,C. MVC controller class,D. Visualforce controller,E. Force.com IDE,F. None of the above,D,"To leverage functionality of Standard Controllers, while simultaneously adding custom logic, you must write a custom class that extends the standard controller.
You notify the Visualforce page of your customizations via the ""extensions"" attribute of the <apex:page> tag.
",A. True,B. False,,,,,B,"For example, if you use the standard Accounts controller, clicking a Save button in a Visualforce page results in the same behavior as clicking Save on a standard
Account edit page. The same behavior holds true for Custom objects.
",A. True,B. False,,,,,A,"__________ enables you to create Visualforce pages that can display or act on a set of records.
",A. A Standard Controller,B. A Standard List Controller,C. An Apex Recordset,D. A Custom List Doctype,E. An Apex class,F. None of the above,A,"A ____________ is a class written in Apex that implements all of a page's logic, without leveraging a standard controller.
",A. Controller Extension,B. Validation Extension,C. Visualforce Component,D. Visualforce Plugin,E. Custom Controller,F. None of the above,E,"Like other Apex classes, custom controllers execute entirely in ____________, in which the object and field-level permissions of the current user are ignored.
",A. User Mode,B. System Mode,C. OWD Mode,D. With-Sharing Mode,E. Anonymous Mode,F. None of the above,B,"If you use a standard controller on a page and the user doesn't have access to the object, the page will...
",A. Throw an ACCESS_VIOLATION exception.,B. Write an ACCESS_VIOLATION message to the debug log.,C. Display an insufficient privileges error message.,D. Redirect the user to their home page.,E. Ask the user if they would like to upgrade permissions in order to view the object.,F. None of the above,C,"By using the ____________ keyword in a class definition, a developer can create a custom controller or controller extension that respects OWD, role hierarchy, and sharing rules.
",A. with permissions,B. with defaults,C. with security,D. with sharing,E. with roles,F. None of these,D,"A/an _____________ is a class written in Apex that adds to or overrides behavior in a standard or custom controller.
",A. Custom component,B. Controller extension,C. Apex extension,D. Extended Controller,E. Component extension,F. None of these,D,"Developers can use Visualforce pages to: (Select all that apply)
",A. Override standard buttons,B. Override tab overview pages,C. Define custom tabs,D. Embed components in detail page layouts,E. Create dashboard components or custom help pages,F. Create custom Console components.,ABCDEF,"Under what circumstances is it appropriate for a developer to add functionality to their application via the SOAP API? (Select all that apply)
",A. When consumers of the desired functionality have no experience with Force.com development.,B. When the desired functionality processes only one type of record at a time.,C. When the organization chooses not to share its Enterprise WSDL.,D. When the desired functionality does not require any transactional control.,E. None of these,,BD,"To aid ___________, each Visualforce page and custom component is saved with version settings for the specified version of the API as well as the specific version of Visualforce.
",A. bytecode compiles,B. Apex testing,C. portal development,D. backwards-compatibility,E. exception handling,F. None of these,D,"One of the best ways to build Visualforce pages and code is by enabling ___________.
",A. Visualforce development mode,B. Apex development mode,C. Force.com IDE access,D. Show viewstate,E. Visualforce system mode,F. None of these,A,"The __________ of a Visualforce page is composed of all the data that's necessary to maintain the state of the controller during server requests (like sending or receiving data).
",A. Page Memory,B. State Settings,C. Cookie Collection,D. View State,E. Page Header,F. None of these,D,"This Apex class lets a developer create an action method that can be used in a Visualforce custom controller or controller extension.
",A. Apex.Action Class,B. ApexPages.Action Class,C. Action Class,D. Visualforce.Action Class,E. Component.Action Class,F. None of the above,B,"This Apex class lets a developer access cookies for a Force.com site using Apex.
",A. Cookie Class,B. PageReference.Cookie Class,C. ApexPages.Cookie Class,D. Component.Cookie Class,E. Visualforce.Cookie Class,F. None of the above,A,"This Apex class offers Ideas-specific functionality in addition to what is provided by the StandardController class.
",A. StandardControllerIdeas Class,B. IdeaCustomController Class,C. IdeaStandard Class,D. IdeaStandardController Class,E. StandardIdeasController Class,F. None of the above,D,"This Apex class offers article-specific functionality in addition to what is provided by the StandardController Class.
",A. ArticleExtensionStandard Class,B. StandardKnowledgeContainer Class,C. StandardKnowledgeController Class,D. KnowledgeVersionStandardController Class,E. KnowledgeArticleVersionStandardController Class,F. None of the above,E,"This Apex class allows developers to collect and display errors when building custom controllers or extensions.
",A. Exception Class,B. Message Class,C. Debug Class,D. Validation Class,E. Messaging Class,F. None of the above,B,"This Apex class allows developers to reference an instantiation of a page.
",A. ExistingPage Class,B. VisualforcePage Class,C. PageReference Class,D. URLReference Class,E. PageURLReference Class,F. None of the above,C,"Objects of this Apex class specify one of the possible values for a Visualforce selectCheckboxes, selectList, or selectRadio component.
",A. Select Class,B. SelectOption Class,C. OptionSelection Class,D. InputSelection Class,E. InputOption Class,F. None of the above,B,"Objects of this Apex class reference the pre-built Visualforce controllers provided by salesforce.com.
",A. VisualforceSetController Class,B. VisualforceController Class,C. Controller Class,D. StandardSetController Class,E. StandardController Class,F. None of the above,E,"Objects of this Apex class allow developers to create list controllers similar to, or as extensions of, the pre-built Visualforce list controllers provided by Salesforce.
",A. StandardSetController Class,B. StandardController Class,C. Controller Class,D. VisualforceSetController Class,E. VisualforceControllerClass,F. None of the above,A,"This integration resource is specific to an individual organization, and exposes all of the standard objects, custom objects, and any custom fields through the
SOAP interface.
",A. System WSDL,B. Partner WSDL,C. Custom WSDL,D. Enterprise WSDL,E. Portal WSDL,F. None of the above,D,"This integration resource provides generic access to any organization, and exposes standard objects and fields through the SOAP interface.
",A. System WSDL,B. Partner WSDL,C. Custom WSDL,D. Enterprise WSDL,E. Portal WSDL,F. None of the above,B,"Total number of test classes that can be queued per a 24-hour period (as of Spring'13): The greater of 500 or 10 multiplied by the number of test classes in the organization
",A. True,B. False,,,,,B,"Which exception type should be checked for when catching exceptions thrown when governor limits are exceeded?
",A. StackOverflowException,B. LimitException,C. GovernorException,D. PlatformLimitException,E. InvalidLimitException,F. None of these,F,
